gtsam_id,pos_x,pos_y,pos_z,vel_x,vel_y,vel_z,bias_acc_x,bias_acc_y,bias_acc_z,bias_gyro_x,bias_gyro_y,bias_gyro_z,new_factors_error
9,-0.44825791368245665,3.1028803164224614,-0.022558660507880093,-0.7755678480405306,1.7711424943956375,-0.010875780936730105,0.0248182659914976,-0.00554867665323915,-0.0096206605064146,-0.00020969438381113575,0.0002484386764793978,-0.01366049614710309,15.60767475875461
10,-0.6136984611093379,3.48210541354183,-0.029563062585576613,-0.8658277939785752,1.7991521940913398,-0.016440533017034676,0.02529960647606493,0.002473965567296079,-0.008310905950655091,-0.000370588130760886,0.0002796152341761878,-0.01370191952820275,18.785766374071912
11,-0.8189331388110456,3.8588774336504463,-0.02128955320058953,-1.0946644125097138,1.775357982193828,0.07036576604765578,0.022460766063305243,0.00026111010147904625,-0.009636236090469378,-0.0003122722012292674,0.0001741059637500824,-0.013774164159149057,4.429306533719356
12,-1.07906868238136,4.226672234655152,-0.014201900131626444,-1.3722194352886385,1.7356018407964156,0.035634125565068106,0.019935181439478502,-0.0010929156738059608,-0.004100151546109325,-0.00025698648711359616,0.00019452873486159325,-0.013880569070560692,23.278198830764506
13,-1.4175872181427807,4.636224226421336,-0.01314081673095368,-1.6414171446843513,1.7950188110627825,0.003478485513830863,0.003184812738944793,-0.004167890766096877,-0.0014061090122950743,-0.00044560334726754446,0.00019636942132313765,-0.013947721529684995,60.6110130200233
14,-1.7980983350056496,4.975978196871022,-0.021270149750992,-2.0378603906555997,1.7040595060054111,-0.005185598594031279,-0.011024983157788798,-0.006808031927464458,0.0041486110372729555,-0.00039707626541008535,0.00020005773425581577,-0.013935963086528183,40.12060537716997
15,-2.2210260444670435,5.240156419714724,-0.02752221372381891,-2.3774702565932806,1.5449953999605026,-0.030052422252472497,-0.011885775026338157,-0.0024725187544864793,0.0059472787685326284,-0.00035385223844875617,0.00021054748236493933,-0.013930299845432474,14.34821714916848
16,-2.6762723150695424,5.4181191395500905,-0.026462127544139,-2.7372995091163235,1.2960760726513187,-0.019706604487268346,-0.002850827393296205,0.0038480902343171414,0.003004631334193124,-0.00037599511678281037,0.00017904286146520182,-0.013888393115265359,7.019550881607886
17,-3.2275103612985254,5.59140058468147,-0.02312190438544867,-3.1254366154082036,1.05921026082389,0.032864912912137584,-0.005819714894144091,0.01525965021739726,0.0010807811968715673,-0.0003632863290447327,0.00011833749135722527,-0.013854340101831336,7.780756994481097
18,-3.790910068788684,5.637946294122316,-0.011087829007334,-3.47226700105368,0.733445143715614,0.011377579133483947,-0.004224900241475004,0.03209868413379158,-0.002560650672425657,-0.00033584064083088766,0.0001220712598171139,-0.013736797515546443,52.862024313273835
19,-4.459149370679713,5.645121891053875,-0.025623743617386147,-3.859647097524308,0.3597014044230757,-0.07759136408651936,-0.010132883832998475,0.047776746253291924,0.0022196047110367876,-0.00018863283630090455,0.00010493914668745395,-0.013564746401936003,51.40941120210638
20,-5.146414628582141,5.567569601576648,-0.05665049904177405,-4.15165261464171,0.11790790425262684,-0.09055203937617902,-0.0076280671503292045,0.07457916500793353,0.006186507626043895,-0.0002321037670641799,0.00014595190666589233,-0.013374364189270304,61.62790700789219
21,-5.876381272564004,5.464644130211046,-0.0737446516159849,-4.3820575459257975,-0.18403097559482795,-0.049555816809923846,0.001220684446952407,0.0879163879553953,0.005462591621180561,-0.0002286766402716603,0.00014623306544596392,-0.013173327920506699,96.48337441757054
22,-6.784267170626402,5.372604094925477,-0.08645696420757804,-4.685371687788108,-0.45038308858304005,-0.05795206750109406,5.999396338381689e-05,0.08124744601895897,0.0023865196472589376,-0.0002331794620110079,0.00014463208879020076,-0.01287843375261156,144.56262189379612
23,-9.454807241127142,5.023688333643653,-0.08787204349800753,-5.491919948727532,-0.8101581818919434,-0.040909367185558924,-0.010039074676398184,0.07196672679468957,0.004529057667322874,-0.0002942227162935002,0.00011719840365409115,-0.012353468134447316,484.66284975627764
24,-12.577166250131226,4.604165494346575,-0.12136939196392613,-6.276475444042432,-0.837529206859363,-0.10546189792040317,-0.014706028994738045,0.06944205629118312,0.009862579333357557,-0.0003318534411385573,0.00013108923189475262,-0.012115295166417649,261.74396879232705
25,-15.98441919851725,4.1813147309533,-0.13750569761692935,-6.9482519504004046,-0.8069959672289586,-0.11685363289334832,-0.012439976149188237,0.0707875806212308,0.0038582678688037202,-0.00019165488326653582,0.00014229483068729852,-0.011914799984979359,58.85736947687035
26,-19.92078251160181,3.7768821379380557,-0.17505597632303296,-7.41255224908355,-0.8112901856806427,-0.09942184039331954,-0.0183227884811858,0.05707567322891762,0.006474364770812809,-0.00023440305684446539,0.00018091337520613682,-0.01174273443894083,49.699181777496186
27,-24.091044028592794,3.3258173453238733,-0.1970469492663829,-7.799244511099006,-0.9080523010974498,0.014607102156453815,-0.026019292032638516,0.04292359695784621,0.00784757532068881,-0.00021009188873637386,-5.1969867507157516e-05,-0.011550346331656806,106.6090593250559
28,-27.994476322600313,2.824457907722273,-0.23060409082145825,-7.726136064372091,-0.955081332191349,-0.09288134876364797,-0.022235715682813434,0.03921834966617104,0.008494811821630128,-0.00014880117966918063,1.3826550386417878e-05,-0.01136694594380381,261.5375443251677
29,-32.03570535733782,2.325386149767363,-0.27207993453534735,-7.664062409634729,-0.9349058086006019,-0.04983724328726312,-0.023452005721791652,0.035087174440555785,0.008504374010816716,-0.00018779179208207008,3.4481937703594796e-05,-0.011171913854804935,322.23045164760146
30,-36.267543415142825,1.865127913218581,-0.2820731804801241,-7.757511903587242,-0.8666314787737278,-0.11330778253667616,-0.030596857850933586,0.036201536500228296,0.0046593847254497184,-0.00018349060051394951,3.0204609967738466e-05,-0.011014640271371192,303.17632765398673
31,-40.52392382956093,1.3959568136507536,-0.33908186911409793,-7.784507202358858,-0.8574860756129762,-0.017659682121087376,-0.03588521410649519,0.034098609801162805,0.003684010792529761,-0.00018552181606386087,4.0192457906115895e-05,-0.010867320428415053,201.65984197292693
32,-44.835941128460334,0.8948744669325508,-0.34839955108547976,-7.727921120529953,-0.9353433682092385,0.00817374075172109,-0.041736021325001996,0.027859208398203092,0.005053175298357859,-0.00015354975342467988,-6.945182849291328e-05,-0.010699575853362913,81.0300646070082
33,-46.54729745545974,0.6717910338175858,-0.3664083308387547,-7.65599734802268,-1.0300366521232884,-0.08456732620697335,-0.04332364760122692,0.027115379600623248,0.005918406909770756,-4.980948486210973e-05,3.584112397502642e-05,-0.010615133507699267,75.13657806887117
34,-48.437743549530296,0.433349239823249,-0.40336627273838477,-7.675455526615975,-1.0644689527781186,-0.07585932198066998,-0.0491873124143078,0.02575748681601253,0.005894913361032793,-3.893139682642621e-05,1.451582986894259e-05,-0.010554263229737746,81.85084131817969
35,-50.286059764490254,0.20145651348009877,-0.42394886806800675,-7.6831922191960995,-1.0291602553054484,-0.013356848580691093,-0.05288886512994788,0.026831641337486955,0.004507009650957417,-9.721530184409843e-05,-1.026544018109736e-05,-0.01048675861028825,213.4155021952064
36,-54.103076443413016,-0.3145302954187181,-0.4502485864881022,-7.459611694493467,-0.9952637826652827,-0.0521901304888254,-0.049457589703614156,0.030046079036932183,0.0068845994314115835,-0.00011522468492737735,-4.165780211408964e-05,-0.010347693494385019,203.59249227860087
37,-58.326631274994874,-0.8525871911272075,-0.5580516666058332,-7.143742170958765,-0.9557158785147082,-0.1716952946395428,-0.057592097445751916,0.02672562959222667,0.010121948798366304,-0.00015304122106883454,0.00015682174905132376,-0.01021170372483779,286.7527850097969
38,-62.88110499750682,-1.40725304942073,-0.6008242764405068,-6.655545040402546,-0.8244556209302871,-0.00987815979736048,-0.0700858865823559,0.02231309198074749,0.0026761975726632657,-0.00020935782012764363,0.0001415792448992536,-0.009929776846375764,414.5166393894417
39,-64.18137997253922,-1.5863109848557797,-0.6024018719168343,-6.448759669908714,-0.7185118615193643,-0.010588377921208522,-0.07163893442609015,0.029674642156640774,0.001369032639802242,-0.00017868438328441172,0.00013135483127056036,-0.009772542671707936,262.2861379763894
40,-65.5925111026162,-1.7085247789222673,-0.5936069543930166,-5.896388103586999,-0.357448160790375,-0.010227017806993012,-0.06713189668199918,0.03614890037340803,-0.0009649452441687729,-0.00018673273374161057,0.00015021737758686638,-0.009499472190768089,447.7787941139383
41,-65.61180239485132,-1.6489581765089287,-0.5591520855386714,-5.300770861648198,0.0011884729860114837,-0.0350183299266278,-0.05601948953365206,0.04379831151687272,-0.0007065305555714822,-0.00020829439167627028,0.00017507354610190042,-0.009301673280975855,377.5470194224998
42,-66.34767644181363,-1.588788605166306,-0.5510948548549686,-4.8580390410396825,0.31533052023630087,-0.03378479286716705,-0.05327647517246868,0.043636184604904885,-0.0009009223577510084,-0.00019349419018125416,0.00015144385482416547,-0.009063469236540018,295.2011820002452
43,-67.54846913135516,-1.4509628673940953,-0.5730061947625111,-4.654383428419526,0.6858074789035524,-0.02545633965092073,-0.053206118664068706,0.04425977088918053,-0.0005147226240297772,-0.00013734990200670342,0.00015767408502742635,-0.008837250113296287,319.91863430137886
44,-68.55532834060891,-1.1977462923335624,-0.6065764145196917,-4.5041352944897595,1.1708645824611312,-0.03530997858649004,-0.05443984158769357,0.049529815590126605,6.534849527784067e-05,-0.00023659930965115995,0.00024101744820784012,-0.008625870719505768,451.26483607470385
45,-69.45630573179568,-0.8769383791483729,-0.6204475730104685,-4.303559020636019,1.5776523160979572,-0.09248914167636509,-0.05330825084271652,0.04997825081627373,-0.0005597844204897875,-0.00015456648212417326,0.0002359515921927897,-0.00842446283372689,309.31565094797446
46,-70.40045576483436,-0.49202723362486067,-0.6434370314316059,-4.110777004544831,2.01109008491727,-0.06991107463492192,-0.056936721130444,0.050374408617081416,-0.0011842990668411222,-0.00013333883701686957,0.000216160351050987,-0.008281443310088123,345.279580096784
47,-70.94084716688175,0.006751278711032822,-0.644096773297129,-3.745086061024587,2.527833725450436,-0.019179766939364268,-0.06204671272607068,0.05505972391882775,-0.000869764741812627,-0.0003531807286883559,0.0003090318055664201,-0.008142098717802573,56.107851207058935
48,-71.71774000260693,0.5712676271038714,-0.6683522675834436,-3.5393535195478343,2.844636813198627,-0.16448171568709335,-0.06713297491000837,0.05431124104624251,0.00033953117226041417,-0.00022349904687505375,0.0005073331519631857,-0.008014109915117204,86.05947443364285
49,-72.00258265544139,1.2331161563681228,-0.6629893263795273,-3.330701585544,3.425542790780948,-0.19600910612468342,-0.07381451202124668,0.058484552867599855,-0.0005225118258328234,-0.0003269880070048731,0.0006148659864392589,-0.007860068781491206,45.943161774996
50,-72.30867674382236,1.9972506999598665,-0.6407937869189357,-3.0440733875665242,4.107488461064701,-0.10570855623907256,-0.08320571596098364,0.057157481907486624,-0.0010969493049083675,-0.0005880407559439177,0.0006003744717336925,-0.007741292354114109,48.296422569193
51,-72.7164655718321,2.87764828578312,-0.6067944586188332,-2.7281677675448024,4.709442241806427,0.04850649632825328,-0.0874718521523896,0.055296547762508474,-0.0033817014476349603,-0.0005967816780325685,0.0005523522189782746,-0.007706728379985008,48.418031360655206
52,-73.14258823758496,3.873701132360905,-0.5879584115881522,-2.3782420564241216,5.217124577341362,-0.030590669148277017,-0.08739928385653038,0.056308807876275645,-0.0038864651814443617,-0.0005173405994082936,0.0005644598044158335,-0.007752016210112853,28.964493448275032
53,-73.439378931433,4.9844776719842026,-0.5496718192897737,-1.9657723614716718,5.716173059854273,0.06479829959282744,-0.09067848336447706,0.0568655703841027,-0.005049301111463255,-0.00060655571951031,0.00051199061631842,-0.00787172190885539,25.320454733464203
54,-73.7457139885499,6.203297406865086,-0.5147488906685337,-1.6714739958062201,6.145421573444855,0.027732603760678386,-0.09614790913326715,0.05708847765953668,-0.005464609814437413,-0.0006427416410488729,0.0005145278134818098,-0.007973297088562911,114.45962979721608
55,-74.22825196983533,7.536351031108937,-0.53593867332301,-1.5964289898688435,6.526410240274415,-0.03189783816150378,-0.09697243509684303,0.04803858020921333,-0.0042078690766402934,-0.0006009560345606481,0.0004402448360952177,-0.00799955921314701,61.35292946760463
56,-74.51529934649679,8.940947303628086,-0.5523886480370114,-1.461279268233471,6.888141320976987,-0.08242828078631083,-0.09878444816539378,0.0437186411468236,-0.002026796953641138,-0.0006911883369749958,0.0004315683153046295,-0.007978406525916155,60.99316206185428
57,-74.75978570451781,10.40049272203425,-0.5763818422025045,-1.3624999322216609,7.268616104542563,-0.15383286142158187,-0.10374299681795308,0.03570950296125166,0.00027400201932063946,-0.0007403415610252881,0.0003888752550717803,-0.007897374582904005,67.24996586895094
58,-74.99775587843202,11.933513332019873,-0.5988199002787697,-1.195305502692948,7.582823904379631,-0.1344566198273095,-0.10572472266222316,0.03327661878270381,0.0001616285054011023,-0.000741608491714518,0.0004202259275908077,-0.007867818223293892,117.83255277431667
59,-75.19050496236628,13.529273606560707,-0.6205671507865058,-1.0231248338052703,7.860494331984267,-0.18304142474563656,-0.10785164298528868,0.03340437466228013,-7.310081491435628e-05,-0.0007829270564175606,0.0004716929017481395,-0.00788027293214311,67.77324861804644
60,-75.40891663141284,15.18491850484282,-0.6402690580301147,-0.9409452434406268,8.090087671755372,-0.0011301078289727637,-0.10861535355015205,0.03010859701354284,-0.001160997400149599,-0.0007428345975616359,0.000283139470452817,-0.00788297979159881,63.87213011284717
61,-75.8445734469273,19.412012357643793,-0.7084743873184127,-0.7780046673754994,8.159815814827018,-0.13151667000028675,-0.1062582234939416,0.02624796325649718,0.0006195217107784604,-0.000764400439369601,0.00031440845359836,-0.007825779820591421,78.50666904702565
62,-76.14377654690999,23.58063702555361,-0.8144414943108312,-0.6943372853073975,8.056774574811381,-0.18660685253553796,-0.10214857844977442,0.026270184174887055,0.0006804115673706155,-0.0006936414733009406,0.0004341673449603124,-0.007733703210606136,98.94411448218395
63,-76.2603191080908,25.19174737680392,-0.8228213447747602,-0.7084446462110572,8.040902675589823,0.0134790340871285,-0.09933942433049214,0.02600838111754239,-0.002945374328014275,-0.000654325338774798,0.00030776608137238545,-0.007671853856177933,122.89712985137736
64,-76.42424663845163,26.884979132247143,-0.8173780327578244,-0.7002441534031126,8.053805737440468,0.04739231290881195,-0.10035610791597147,0.023832327568724408,-0.002431706281238489,-0.0006378581122949156,0.00023140700458292406,-0.007627255526946263,160.3829298961012
65,-76.60406942452845,28.671982523888794,-0.8261562820934807,-0.6147276552193323,8.115661695972632,-0.07090443754694531,-0.10479322336736167,0.0201909087196324,-0.00039636089690802366,-0.0007232664129366527,0.00027524010345512316,-0.007588915354373781,193.42476563976825
66,-76.70864990773019,30.377831457549824,-0.8350782732673072,-0.5897378525671637,8.182858823964926,-0.1319128083428719,-0.10707114856766942,0.02072706739910027,0.00021620107738181662,-0.0007167250329660176,0.0003140671955425478,-0.00756351203725767,111.72691783335407
67,-76.91018334320734,32.98625407770384,-0.8587206456142921,-0.5727540123688148,8.38526101242259,-0.11436399524810253,-0.10981758449049088,0.0202111095650104,-0.00032569836006020574,-0.0006566371355953502,0.00027142803861908427,-0.007522115002210865,141.79876786964772
68,-77.12840820182848,36.47844046012047,-0.9210743522334611,-0.6033759954307012,8.631156086640894,-0.12616981560598525,-0.10833305801760215,0.019232185752422068,0.0002878695633104194,-0.000639971121444119,0.00027036226173541916,-0.007501534317519315,106.7685755279555
69,-77.41487896050428,40.81347325232978,-0.9999710620493066,-0.7560547755991722,8.852520207464774,-0.023124972160997737,-0.10024485183631406,0.02112699051706572,-0.00029076182086482767,-0.0006383316314251798,0.00027325417511069207,-0.0074026225297388676,37.79837924514097
70,-77.73801063707076,44.534338144853095,-1.0379161562871255,-0.833293191822647,9.15393797522633,-0.05874699671494028,-0.09920646276965948,0.020006662528856762,0.0006922430488868423,-0.0006165797145954063,0.00022084834445093885,-0.007319449430704031,28.72836279060914
71,-77.9002613752048,46.41661590578287,-1.0636320611546688,-0.8540162594443792,9.264185485945378,-0.16607218178999378,-0.09900554564846281,0.020945564340195403,0.0013985120347265118,-0.0005570104130385477,0.0002925474422661739,-0.0072505315111812884,82.39588184425622
72,-78.18494622237823,49.41743398943888,-1.1121700644743213,-0.749341123470719,9.492796890419577,-0.16259627696005388,-0.10310304384197638,0.019407384741402276,0.001309271753929657,-0.0006296556490572199,0.0003297953132759878,-0.007206034758899074,107.15123453604167
73,-78.56024243316322,54.373911746474235,-1.1831698975891871,-0.7527316159878563,9.535712801921333,-0.14506916464930883,-0.10311083459952236,0.01766539935486648,0.0006438330893687855,-0.0005668326495517195,0.00033380863057888425,-0.007132326738751028,162.19240210449033
74,-78.830111670987,58.96938986381922,-1.2004287871403767,-0.6460596359924672,9.304690110633112,0.05309905710413352,-0.09765958014757428,0.02044280728059509,-0.0010455080233602388,-0.0006081487694104704,0.0002119150393158464,-0.007059741925863239,90.00707478814307
75,-79.09859246956184,63.42191351726708,-1.2247763343050455,-0.6776848309732402,8.97972987025314,-0.11595640639251933,-0.09212005592005708,0.022734704339014037,0.0008025560501594379,-0.0005833493026654735,0.00030547954629816534,-0.0070159336937848284,86.89897370337516
76,-79.23035025773551,65.22332611993316,-1.2380503459738985,-0.7403338146721945,8.863905412879443,-0.10453146407966497,-0.09160517676742642,0.02354754145283254,0.000946318036655474,-0.0005352798619376955,0.00034101972793198674,-0.007009441814659965,109.38825520029596
77,-79.43590653441507,67.10522684515274,-1.2477080970808818,-0.8254198366474681,8.800669187917629,-0.024319675940454796,-0.09203172942254423,0.02229987340858585,-0.000770631530232292,-0.000527705244805844,0.000323696835000424,-0.006976756127938404,116.33928932905091
78,-79.54661855761323,69.35737641744805,-1.2298314626221027,-0.953216927015722,8.55033344973043,0.09403299233402951,-0.08387770120707895,0.02322888450625539,-0.0019217832852648803,-0.0005247224361791344,0.00019318271701930078,-0.006933051427382946,118.37618893711921
79,-79.65999505790913,70.99240715232554,-1.209368631240727,-1.0149395574711773,8.441422938249698,-0.0022912654695265676,-0.0822420508828067,0.023675378539312713,-0.0012871573379968052,-0.00048092409687886613,0.00020957915126430392,-0.006910776736280857,51.23971748601927
80,-79.81111987891519,72.62981842079364,-1.2086813619853756,-1.1060807801381198,8.334734544213221,-0.04282546668007495,-0.07996935039516881,0.02407946031875876,-0.0012809394238303188,-0.00048622366461063794,0.00020563627230980638,-0.006892450364082249,71.46476294281649
81,-80.38022979172743,76.8914053538065,-1.2583593558893096,-1.3456027387220226,8.136855499639816,-0.08826767292225997,-0.0789789810395908,0.024134972857270315,-0.0009920581467923956,-0.00045913217336968667,0.0002744312089410758,-0.006832399127157308,104.21934870272321
82,-81.195960831161,81.29678154769103,-1.3108231065054585,-1.5363264657680724,7.989195120194379,-0.18789280082567325,-0.08013397184592425,0.02141750362441846,-0.0012356633821700783,-0.0005240855226832414,0.0003299057541460166,-0.006768747033914291,105.34288106860332
83,-81.54879021359156,82.99973883064311,-1.3257634820038673,-1.6696654149880992,7.93735371773329,-0.008280069908224979,-0.0803367373866145,0.020892265735509664,-0.0021640970145795665,-0.000546034197721515,0.00022738046734042765,-0.006766453973808616,126.7206915090194
84,-81.92470128476742,84.70891262875166,-1.3398151237999014,-1.8158619278018109,7.89276440086505,-0.019603667410781064,-0.08053509622466598,0.01992539806980962,-0.001710549825198763,-0.0005711936418989489,0.00015662505089478212,-0.006781323789063902,160.21942721731241
85,-82.90763439255424,88.56355418093783,-1.4128573403524898,-2.261232865565076,7.7216012911770235,-0.08192200126701686,-0.07857451745127739,0.017830136019243156,-0.0018853898872610167,-0.0005661645081312441,0.00021604490536241983,-0.006776505696662081,152.83907843656502
86,-84.19492501725169,92.36632649648288,-1.4769781892939995,-2.809143709478443,7.574567640800514,-0.1601870643389674,-0.07680556931103145,0.016545714895717288,-0.0012628490762476127,-0.0005110108343417553,0.0004311132458675441,-0.006713853439564614,152.6006165227928
87,-85.55115869997981,95.46699418999987,-1.460324035060235,-3.1479005515078895,7.3807531778916875,-0.03296759144207456,-0.07213532799115092,0.02009322737782294,-0.0016566848527156388,-0.0005509031129759668,0.00031643262017855994,-0.00659305217494241,245.69603867510557
88,-87.25229133433571,99.30679868903741,-1.5206666668505688,-3.296126292676076,7.263124468020367,-0.2187946108292361,-0.07039833213626837,0.022749367493254652,-0.0009409290244990763,-0.0006985312838762596,0.00044598936158452354,-0.006493877638833199,3532.550697250862
89,-89.03109880596463,103.038981143834,-1.5466023194893501,-3.5543395850412156,7.188236588062347,-0.1282749251330249,-0.06986692697919016,0.022253703884164335,-0.001883676768377173,-0.0006332922505948137,0.00044777078929268796,-0.0064467079962013795,149.8404188014565
90,-90.86760496867824,106.53885122594238,-1.5381094846882806,-3.72740133118784,6.975185469763529,0.006554828919364021,-0.06838405410650646,0.02184641680524195,-0.0023227502114374636,-0.0006162764807450008,0.0003826733731543314,-0.006389621537597395,218.39199637196447
91,-91.94128423683725,108.52730823438807,-1.5242300618398739,-3.758823670575209,6.826331503904881,0.009237584647696088,-0.06768691025656594,0.02182090939382208,-0.0026113006954515193,-0.0006447754441974326,0.00038822340556944954,-0.006359792481836489,176.77525913866873
92,-93.96126737681914,112.1656043357592,-1.5356398837119531,-3.840000213392788,6.6073494618601325,-0.006399726310118471,-0.06866759583543758,0.02128204789851247,-0.002440533669133943,-0.0006420697858665833,0.0004212701349257333,-0.006302640516403542,153.48175336713987
93,-95.81576496570423,115.31560559323664,-1.4795839412325082,-3.629645192069065,6.144412641834197,-0.05196943349789331,-0.06720632810923542,0.021960388896736436,-0.0028852983969035913,-0.0006309591772302888,0.0003663731874848652,-0.006249820977823714,159.5561590455903
94,-97.51686126133721,118.05154820041334,-1.522241209208376,-3.288992372330746,5.332279608459674,-0.03361688958518677,-0.06625788682779027,0.021800367720902904,-0.0018157012412982902,-0.0006014858423443174,0.0003674546022194681,-0.0062147812891013106,185.43130751715577
95,-98.76348335688637,119.6963010093687,-1.4696984674707727,-2.6971304393688267,4.194960485052403,-0.036453442517359366,-0.06285558277690008,0.02219478438054247,-0.0032482096111282363,-0.000596892384296342,0.00040046653606599616,-0.006177543955547597,16.805458237225345
96,-99.83282338319162,121.12400465426064,-1.4258111385507468,-2.2046247291172487,3.252341726565075,0.02109338344028706,-0.06119443222014183,0.02194420401665979,-0.004277181973803438,-0.0005930177317169725,0.00031400224663195734,-0.006197622129064118,12.366178766742731
97,-100.73268143575238,122.31035699183252,-1.3723579185352028,-1.6762419369025108,2.388257702032072,0.00020381180692475437,-0.05969488112842249,0.02169390054597119,-0.004933309140420885,-0.0006703760052229554,0.00028819396607317015,-0.006235698912198085,21.171618341002578
98,-101.11879919711289,122.66465606102834,-1.350383702026562,-1.5184095103878699,1.883038481944519,0.0013414188114802394,-0.05889914553843238,0.021646557805775735,-0.005048715548517156,-0.0006219216360383587,0.0002816475518532462,-0.006304927818066042,31.490651191457978
99,-101.41725908959359,123.02712090711167,-1.3691583922029786,-1.4042470955031574,1.6284514424696193,-0.05160181621210743,-0.05855004691369484,0.02161981367919562,-0.004812740521776598,-0.0006333661614666292,0.00034693306005340925,-0.006343739822009349,42.48850153603195
100,-101.72283894630979,123.35008406541093,-1.3887500806888806,-1.4071862015354093,1.4257686333178639,-0.09528433740346237,-0.05879082071190204,0.021587618822578074,-0.004752558668228763,-0.0005894122838414932,0.0003411814168709172,-0.006326695814679679,48.80926391708835
101,-102.13717690849896,123.8714668163732,-1.4247403785051749,-1.4896789034100715,1.4026223995255958,-0.03475448795944189,-0.060113385885873415,0.022435712915603218,-0.005230914147472908,-0.0005997811711070613,0.0002901509380355964,-0.006335448786954223,62.63090912583473
102,-102.50612494341297,124.23533462671244,-1.4359710296097004,-1.5176651877934695,1.4037414975394997,-0.006533017515350027,-0.060069528655091374,0.022946678851781525,-0.005523527199168477,-0.0006596280486214122,0.00025665842525538114,-0.006346813202087796,128.56759305563503
103,-102.8431732154145,124.49134148737082,-1.4363807696163025,-1.6308644477224583,1.2718918495373257,-0.0036145116848054788,-0.06096313354359193,0.023404457351248183,-0.005356636528305739,-0.0005892932975920361,0.00023010471282888364,-0.006377154022286905,44.565322347516414
104,-103.18902229408882,124.7074082121552,-1.440684332208303,-1.694248938971826,1.1689558384436747,-0.009608338012951476,-0.06080970354103382,0.02330208470827378,-0.004914471440349398,-0.0005996881092373242,0.0002404917446279623,-0.006370581047351665,88.55455903439899
105,-103.53946901899174,124.8623988016999,-1.424930267034974,-1.7717579632244596,1.0070465835142006,0.0063878487726068845,-0.060952385083109045,0.022614523027025817,-0.004819278584026143,-0.0005721633987667307,0.00024291612319224032,-0.006350697792922265,38.433691145209515
106,-103.91551017764655,125.03557467601686,-1.4088944321461643,-1.8544482280764145,0.9493629003133259,0.018807242815862508,-0.0606323047786513,0.022171215781518202,-0.005176822545801906,-0.0006296798046977509,0.0002652842743546163,-0.006354633211574705,15.809802913473213
107,-104.31574787033537,125.1766344774327,-1.4029125566183096,-2.194897227963048,0.9314572738675394,-0.0575868289955392,-0.06117436208285491,0.02284240275077024,-0.005454819287610718,-0.0006312145728870692,0.0002866845262941245,-0.00639727490667427,23.43643771927832
108,-104.6816417953733,125.10460780374515,-1.3944538236534014,-2.5951444902028395,0.8737763873712845,-0.055212856382185475,-0.06305524073377816,0.024568851763417637,-0.005479256842923413,-0.0006192026398872585,0.00023431444976717279,-0.0064855596515724125,18.840123288574745
109,-105.22086002544238,125.20659145452208,-1.3871973844893348,-3.0051276779381864,0.718575651302771,-0.09386550213398573,-0.06665229303478645,0.026030468189944707,-0.005162789774214219,-0.0005955756257458734,0.00026131678272434795,-0.0065921829553814105,16.17174183459566
110,-105.87683767832347,125.30088278165181,-1.3659376007406945,-3.33801787433507,0.4258494601187184,-0.05755074452944317,-0.06851955981647076,0.025219454042875365,-0.005381467390453501,-0.0005961995770786275,0.0002441991053380185,-0.006637291053781999,10.901665368741812
111,-106.51037300348312,125.17617721460235,-1.3318441343081195,-3.6230516157008212,0.11295414700512084,-0.0014064825920675345,-0.07038838162316252,0.025281474326613994,-0.005598865652248533,-0.0006001007662225275,0.00021215882789034875,-0.0066892182502616086,8.512489288629872
112,-107.3741934584862,125.34204321428096,-1.3012998768847217,-3.8929154036064286,-0.28406577122931015,0.00017081851996093335,-0.07291807286404739,0.024666943226431773,-0.005594531572541499,-0.000607702188478172,0.00023075824671869825,-0.006740133793501638,10.326595669545092
113,-108.07862183938356,124.94704256157566,-1.2380813938558073,-4.178255974272979,-0.7822761945325992,-0.03538159664818468,-0.07674328776906622,0.02590496428831092,-0.005490843836088288,-0.0005390297019441592,0.00023526427732870175,-0.0067553024862599355,8.864322358699502
114,-108.85019619473738,124.55283605027196,-1.1886030933082585,-4.411890505666403,-1.3030507609327564,-0.06732669619017269,-0.08122296005906872,0.024795803888684728,-0.0050845711163614235,-0.0005629352952643298,0.00029208866369717434,-0.0067797473247047275,22.949041831695194
115,-109.67944892193854,124.04713758555363,-1.114332911178171,-4.596406458422388,-1.9336206616218752,-0.0831604974084682,-0.08655895482440928,0.02203807614469615,-0.0049313696098586025,-0.0005511551134076656,0.00035589708523380676,-0.006747232567436671,23.369195542888292
116,-110.57703354808686,123.5703533065668,-1.084203130156765,-4.693645500031115,-2.5710588764043796,-0.09105920665440642,-0.08887523041894177,0.0169924150779008,-0.005168165103695251,-0.0005844397874392794,0.00038704579064498484,-0.006708064968931886,40.26148990440337
117,-111.47730483092454,122.89793467688163,-1.0775420914751677,-4.781919904091667,-3.1928592965466795,-0.07245055636682984,-0.09009574941501908,0.014882349936278797,-0.005378294428959443,-0.0006023199818656772,0.0003923064367224757,-0.006631305220257017,20.711451909064092
118,-112.46539612557739,122.25079615331221,-1.1228756334063976,-4.887180005723856,-3.7072143632982812,-0.08573877404323206,-0.08925958263958998,0.013782054200638697,-0.005119847582741062,-0.0006130751040346642,0.0004119994904300633,-0.006539632309090518,62.86731113216722
119,-114.97627417923425,119.85464804106498,-1.1163203410711777,-5.370430075283179,-4.713306510508984,-0.10148961054037335,-0.09359937296177694,0.01690778914426573,-0.004269309930571857,-0.0006049458121964885,0.00040084797642842246,-0.006395545161427484,107.88818435488503
120,-118.02586834290196,117.60367212236591,-1.2512048086090721,-5.800898698677832,-5.396077658459251,-0.13370489367155744,-0.09088850978760411,0.012512623201787785,-0.0034474622500521067,-0.0006442479241748273,0.0004424842204488067,-0.006288546003685832,120.73391039919065
121,-121.01542594350157,114.17346615722505,-1.282519275092785,-6.45907325364984,-6.063411786181742,-0.1478052415368344,-0.09414614387177055,0.015929052007551712,-0.0030243034640316142,-0.0005874561391044961,0.00040456161439685257,-0.006232477016902325,90.61900448619497
122,-124.7065289105053,111.18251467603055,-1.3757461082970674,-6.997145923083865,-6.534459043090188,-0.17469482867758712,-0.09524451217091352,0.01617135633025327,-0.003208878265655091,-0.0006444536118661541,0.0004369363276910944,-0.006186270065441725,122.27864274357859
123,-126.18964085785981,109.760296128716,-1.4130005328410915,-7.162393747391396,-6.728194884380591,-0.1586507180207119,-0.09487362894991118,0.015284157921218943,-0.003412951366437958,-0.0006144033876688975,0.0004728415442903412,-0.006162250212678802,112.38247633063459
124,-128.4574043015725,107.60812689225281,-1.448862787804679,-7.321901739350532,-7.059035809959151,-0.10256414500654361,-0.09564217995552494,0.012515266754423576,-0.0028072420433808694,-0.000542478426922122,0.0004578932462285411,-0.0061085395560642785,140.5084397612003
125,-130.00442751921204,106.12545445992929,-1.456215141653499,-7.452750021072237,-7.168785065302397,-0.03850536641273812,-0.09558720975927099,0.011466586387560209,-0.0029612861557910147,-0.0005548344881665833,0.00042340105433980263,-0.0060817839662485555,38.15326623006146
126,-131.55627836519506,104.64426464855973,-1.4869769678533957,-7.492957366765062,-7.16654592751564,-0.06614076809194458,-0.09379387736509982,0.010753045059535456,-0.002806169555595676,-0.0005531192190822387,0.0004316608700505052,-0.006063632130610255,90.93910595789872
127,-133.05017790835382,103.16964650874851,-1.5237197732367445,-7.47540251671126,-7.158076026976264,-0.0853737278815166,-0.09149363076108727,0.01009580699689764,-0.0028654212160073534,-0.0005494166743490908,0.00043933141786709737,-0.006045128728351529,49.58721243405679
128,-136.86039397140374,99.46989728160837,-1.5951729898116536,-7.477388961394936,-7.169368659982793,-0.1165936146175707,-0.08876841646346505,0.008492556180717259,-0.002820789795718662,-0.0005276382866131194,0.000440133230275048,-0.00600395626572277,69.06105401006214
129,-140.79051171832214,95.65002263159496,-1.6050187327768324,-7.416088745256665,-7.332415176683574,-0.1027506285980105,-0.09257449330612144,0.007119378150402731,-0.0030342831023815733,-0.0005237546188504623,0.0004328517811768379,-0.005937496345554902,337.3870479795537
130,-144.5866902852548,91.89974587284125,-1.6651743118012672,-7.448343251105725,-7.260727434374942,-0.07739962144374626,-0.09021831619157115,0.007458876454564121,-0.0032758633828796975,-0.0005344127988640379,0.00042308965808094193,-0.00587886182139551,102.28100390940742
131,-148.68928200189916,88.03201830143477,-1.6988457341192436,-7.636693612277521,-7.337430625886332,-0.0713492186451723,-0.09326455505912347,0.0091262633544767,-0.003019719415046674,-0.0005487894908519863,0.0003343544146949212,-0.00581341536560341,316.6618107472493
132,-150.34769362281205,86.44631862148518,-1.7489639055578152,-7.68140073449642,-7.367881065230932,-0.2744866443618354,-0.0944264314040513,0.010836207645730088,-0.0022246180686117806,-0.0005239883914400052,0.0004529157056239126,-0.0058026359084842535,261.85105679899624
133,-154.20684560196247,82.70190161455642,-1.8234782849099942,-7.619151811361257,-7.330561739585151,-0.16703354713110077,-0.09323554151997926,0.00921086256993184,-0.002938101587375368,-0.0005392889307923598,0.00041579162181678566,-0.0057534583722795305,96.84819871128154
134,-157.9719612687702,79.03660294661917,-1.9068098899382395,-7.512386700313799,-7.263118618441825,-0.18818748876342525,-0.09093383653011756,0.00804082116942876,-0.0028288470910729454,-0.0005069585449366225,0.0003837220925707315,-0.0056991089309855495,99.86075088256163
135,-161.65628544888997,75.38947633911589,-2.0096243777690317,-7.365311158288025,-7.22358303550879,-0.18402604232262715,-0.0898311448290344,0.0066276759241227145,-0.0024190380907128124,-0.0004906224069110242,0.0003959899434469388,-0.005629850319559643,74.12419522286075
136,-165.27490292698994,71.82566925010731,-2.096408693730769,-7.303185865030067,-7.055420346840601,-0.16917904592362382,-0.08788422881922091,0.005940113374941125,-0.0025936063977756007,-0.0005434440657332084,0.0003965023440319327,-0.005582628719188729,177.36048675743575
137,-167.09216550362376,69.96954933848085,-2.1091349678013103,-7.165058000830425,-6.852200040382311,-0.11437437767692316,-0.08425240891976538,0.0031162782852793914,-0.0028410377666583993,-0.0005536323536155811,0.000379141903924892,-0.005563671879200446,38.73444228095749
138,-170.20511162099098,66.89831396829936,-2.1687984889944505,-6.869510865268123,-6.494517965735681,-0.0590186381030382,-0.07992125102110527,0.001341151432419384,-0.0024547609681618713,-0.0005076478340219497,0.00036925080595926634,-0.005536227076662677,57.134659846287356
139,-173.07985466841973,64.06661872524504,-2.154924497230806,-6.267276941524599,-6.005162051808513,-0.02998142765996867,-0.0764388216741811,-0.001825763728532006,-0.0029438681547655815,-0.0004858327445363631,0.00037487817087241993,-0.005493036095797515,150.1526760102863
140,-175.83579567554847,61.35785113844251,-2.145948559730739,-5.850596268594285,-5.547160091653618,-0.017688794001615077,-0.07338530743586277,-0.002847350277269416,-0.0035944117611738675,-0.000505720952188729,0.00034738459967607774,-0.00545027241687451,158.72677079489105
141,-178.3052044432138,58.898326948256674,-2.171969500182339,-5.2394918704377895,-4.978970840743946,-0.08016113029481624,-0.07085200763654914,-0.003892767462515554,-0.003215775154293131,-0.0004846442275758204,0.00036031818854679606,-0.0054180640824069,67.6916672059859
142,-180.12894332291071,56.92468255431613,-2.154584649090211,-4.53915014336203,-4.554644385118677,-0.051067642198633585,-0.06762907466854375,-0.006054669419396522,-0.0031691667848445237,-0.000505366402858847,0.00034615776376268026,-0.005496464921938748,58.33711434449087
143,-181.4879675795668,55.475142556072385,-2.1523386168587697,-4.1661989983910805,-4.556674957220572,-0.04096482664350694,-0.06863751615794504,-0.0063341317005527085,-0.0031681519036459186,-0.0005115534688271481,0.0003524458320739035,-0.00556027383235299,73.39026571608835
144,-182.3039656857209,54.510311506423584,-2.1432180638026757,-3.814264056361058,-4.61454749435555,-0.03505962997819612,-0.06972939208687892,-0.006476003959622801,-0.0032054167626219105,-0.0004710198603355763,0.00035341175878699264,-0.005614614256878592,107.37701966889463
145,-182.6549706047301,53.80636587761772,-2.1079433892226804,-3.3228653214197648,-4.639540530937692,-0.03193186649576387,-0.06927153067172813,-0.007786704247881441,-0.0030958487264890655,-0.0004397760529064115,0.0003472067992190145,-0.005664821709307984,143.58074963440092
146,-182.95082913808227,53.07841897807081,-2.0731295104764165,-2.8476635102100225,-4.612113134527069,-0.02802645711830956,-0.06830113805638098,-0.009429191979059018,-0.002941444826192427,-0.00046733916162413806,0.0003535136967951263,-0.005735496370755231,228.2969494060088
147,-182.98317063194787,52.508703816110994,-2.034795756424676,-2.29203773666919,-4.533438506861103,-0.04468782522105752,-0.06626613681662408,-0.01153625636377808,-0.0027910160166978635,-0.00047936582228558266,0.0003568890329814426,-0.005824057597477832,57.46687739752453
148,-182.91568814587032,51.91681839536664,-2.0026352090410087,-1.6950654953721394,-4.541226350775806,-0.06177666236662871,-0.0651946436152368,-0.013009967193822043,-0.0027893839529327872,-0.0004459469909791296,0.00037871740582523804,-0.005863131950147485,87.75414094882214
149,-183.10770405861902,51.06873307444442,-1.9967854263573668,-1.2429482789560702,-4.577505763340732,-0.017458680492470388,-0.0657720572184304,-0.013206404195662186,-0.0031711901796153325,-0.0004920978107720277,0.00040839637953956904,-0.005900922320972163,126.1456466786328
150,-183.3833084224537,50.08012638290132,-1.9878985998528609,-0.8486683942226941,-4.616513999806968,0.012653563988019832,-0.06625398927917339,-0.012880780086218204,-0.003664353130993181,-0.0005463051006943053,0.0003642282681020676,-0.005944348021857706,165.46501453400262
151,-183.63074683700918,49.00349863684558,-1.9785829228667067,-0.3451659130284862,-4.666307231363949,0.04290681849084816,-0.06811141319593889,-0.011612372430283822,-0.003736881396952989,-0.0004804263773827366,0.0003332839025623801,-0.0059797106023758715,167.09116778540437
152,-183.07122675976845,48.46968971989633,-1.8922888879812516,0.19396744177917993,-4.58530448362788,0.046118323189976045,-0.06918770451887148,-0.012655918127793486,-0.0038702529405808227,-0.0005321008548581053,0.00034256628526062224,-0.005977719100316015,208.58146647585997
153,-183.47829520747285,47.09073775966997,-1.8455880563816216,0.5411808094118477,-4.618792529371636,0.009263208238270947,-0.0733248094324154,-0.013076491820499983,-0.004167039545980256,-0.0005707295890948145,0.000390046342349411,-0.006008383660380726,42.31607087579227
154,-183.16074160545048,46.30426310771568,-1.8159733944307725,1.02799749396702,-4.441649549015187,0.029072453319633457,-0.07349578065609683,-0.01299008298721711,-0.004270148857164587,-0.0005616134439964751,0.00037933689767774374,-0.006014003911889973,16.574816037424455
155,-182.6144220511573,45.66518822724308,-1.7747473696605125,1.4485647390423866,-4.240064571529972,-0.06289234834027878,-0.07468050279196435,-0.014189200763823977,-0.0039396895693468836,-0.0005661133651496711,0.000374662869447028,-0.006040180730355245,31.955751350599247
156,-181.99420907465014,45.0610055402849,-1.7424725345660204,1.9295726928547405,-4.118861006153221,-0.03193376136255287,-0.07603707821118952,-0.01608898734062932,-0.0035213435873410128,-0.0005389141270380646,0.00038372962078456045,-0.006003880777345464,21.394032690437996
157,-181.6012121443549,44.212980941735864,-1.689289253076873,2.414791574833189,-4.044842271439807,0.049311318504364855,-0.07799080684310772,-0.01746341682271388,-0.0036894101185707432,-0.0005352559220621011,0.00035331756283281564,-0.005987150043856249,37.97624454955506
158,-180.96523491079355,43.4566812536016,-1.655607287256133,2.766713899084636,-3.983022276149898,0.023170062261004657,-0.07952444030658154,-0.0174087117691126,-0.0036373264081336087,-0.0005677929275206037,0.0003714626969681873,-0.0059121416682620855,40.846962593491135
159,-180.40229293395714,42.62399343800596,-1.6290020062186035,3.1582793485867584,-3.8772021073340825,-0.06244327600308554,-0.08124257906512489,-0.018652736494707646,-0.003284774489418578,-0.0005019970429976408,0.00039199789867321033,-0.005844485705506119,62.233599390158915
160,-179.6399278169218,41.90606543373967,-1.6302249578106274,3.448909222989972,-3.8574624904317902,-0.09038956012379878,-0.08206971273564392,-0.018379654620823405,-0.0032155047817566027,-0.0004900559289800661,0.0003977148829591065,-0.0057669349258902365,23.735480051151452
161,-177.71151934885228,39.85374040907379,-1.6375621117762345,4.009010558822094,-4.071439061301237,-0.11359029451038344,-0.08566919245269869,-0.017457369354150057,-0.002809703968688533,-0.0005236623499913865,0.00041987239160804033,-0.005642387256408151,91.05944953387502
162,-175.46577112380845,37.6596881966305,-1.6631907947234899,4.561689735733095,-4.486475482170977,-0.10506184555116649,-0.08701193343081043,-0.017202814720861354,-0.003009026335239969,-0.0005244356174399709,0.0004045228060944799,-0.005558641187743947,78.5706430002773
163,-172.98411936471294,35.17058338899191,-1.692967516592142,5.154843704575219,-4.999146218616764,-0.09947533109734626,-0.08793512614138516,-0.018285281839560456,-0.0031767491335882524,-0.0005056211814366698,0.00043918458580848344,-0.005502732050447904,143.9573278043955
164,-171.3086722311001,33.54872197967466,-1.7098874227184628,5.5842664999921965,-5.360573286610573,-0.016868950130824716,-0.08831108826715107,-0.018075211052631955,-0.0027072773880567665,-0.00041586599471876034,0.0003722894225910672,-0.005483350785424011,54.32760941925482
165,-168.90199506393654,31.19623061762008,-1.7836393875089445,6.006736184273909,-5.90851363441329,-0.05629510951502529,-0.08630701844119645,-0.016513116159365723,-0.002698547917663799,-0.0004584086211076576,0.0003721558519170663,-0.005455513171439178,125.09746263379225
166,-165.62061746654965,27.978397857518647,-1.8351945675130994,6.521235092138721,-6.397503644362403,-0.04759178778845442,-0.08667184707789387,-0.01660384838298798,-0.0026561879783648,-0.0004760956062545953,0.0003645935090809452,-0.005424815441672492,50.47031720908734
167,-162.03368380991307,24.567764400951546,-1.90157811142744,6.991983664947028,-6.874042707748569,-0.1334025360629476,-0.08826706141628149,-0.014931140172177266,-0.0022774961524462834,-0.00044001585251876336,0.00042695048186004004,-0.005378369788303077,115.6498638175167
168,-158.30120168087052,21.040236889058427,-1.9314427663993357,7.133667173170453,-7.042059943405142,-0.07886140851439537,-0.08865988475154135,-0.014817326640476441,-0.0020525542366188355,-0.0004920072372111727,0.0003958284250637197,-0.0053250183367076175,258.712592845552
169,-155.28765337765063,18.05574646352695,-1.9790963005864604,7.152951445249073,-7.106274229419608,-0.1452283729953228,-0.08893733967778075,-0.014245893599233367,-0.0019743221297226377,-0.00045556742934913305,0.00036265942999747267,-0.0052914580918750525,62.12898688413443
170,-153.78988204403126,16.622066107429678,-2.030310833513453,7.132254947099423,-7.014109394779423,-0.2843754217951494,-0.08834974952323026,-0.014411210835339862,-0.0018119603320540661,-0.00038174373868470496,0.00047344680366851605,-0.005268630942325193,158.97688190553123
171,-150.16193914867705,13.104266372991779,-2.1034863713401837,7.0023487459969695,-6.92826998773382,-0.0838406951114577,-0.08673924233464331,-0.015228203595105152,-0.002160971784572736,-0.00037887937171735556,0.00040338573106190917,-0.005205634074851019,122.13369877231881
172,-148.02923650746422,11.060847105920798,-2.1078012307910337,6.911282533944828,-6.8344866524020755,-0.0849693718591521,-0.08637490100118783,-0.016590444132114395,-0.002407070987799359,-0.00035190567118118963,0.0004057668476970652,-0.005080853449882853,187.1700705216895
173,-146.6414058324393,9.68332670769106,-2.116861224001037,6.702535309800015,-6.91314528667172,-0.061305859569430854,-0.08584922937092242,-0.016483376438286408,-0.002997429045322666,-0.00035921604030976284,0.00040621770470966855,-0.0049846711080220665,250.78762098626606
174,-145.43850541875818,8.520447008313564,-2.175299130639644,6.296164972745117,-7.074826398812548,-0.024439385031738963,-0.08247162065217749,-0.01423685601924807,-0.0033160392625301875,-0.0003982630707684845,0.0003948838916624163,-0.004913980777578487,272.6900387596498
175,-144.35459352286273,7.4291259560842855,-2.236871030275754,5.823916870694216,-7.265768037979115,-0.09371435202481446,-0.07904524474826025,-0.01175782505025242,-0.0035700898454861588,-0.0004138306393934021,0.00042695787583235206,-0.004816787037186406,368.7104727938831
176,-143.33555168560562,6.211634724945546,-2.2934222997535683,5.290717648675708,-7.528455222650271,-0.08629953587568029,-0.07688620910598627,-0.009492808525965043,-0.0035430179313455518,-0.0004205366610977702,0.0004375146526711453,-0.004731086629887952,421.65873113595427
177,-142.41347673908754,4.929269733032799,-2.333400276519945,4.6975641094720215,-7.751148161929981,-0.16723950923967223,-0.07544474823686086,-0.007667225131066611,-0.0035133657861508632,-0.00042445343247520515,0.0005150331316937597,-0.0046862027133589956,312.0118900719305
178,-141.62090084080944,3.598570819716181,-2.388426591154394,4.162882931753792,-7.971626335475082,-0.087545138010649,-0.07435090948384813,-0.005014042829580895,-0.0036299898152332565,-0.000395148120414951,0.0005087111025854065,-0.0046428037995972175,101.12840662586414
179,-141.0441001939004,2.455429941739007,-2.399782749355891,3.5824167230678663,-8.203023247860996,0.08063863808093379,-0.07308876219069065,-0.0023884570281051238,-0.0039019193469566615,-0.0004332716281517625,0.0004660162471518921,-0.004623038079713675,254.49048714002532
180,-140.54324916056945,1.2159395716616905,-2.4027417982391306,3.050304123889707,-8.429262830742779,0.02592795795973894,-0.07167256501749371,0.00015162472733028535,-0.003978313717872416,-0.00047779108491104215,0.00048234782801845507,-0.0046231881599766165,71.11873323346914
181,-140.2000929739685,0.04546237972912104,-2.416103946116259,2.6850205604149986,-8.630723558355383,0.0940147900840813,-0.07000785393383707,0.003023675595267716,-0.003562557136184929,-0.0004393838164383005,0.0004300052675866746,-0.004601074998114966,136.42286537082893
182,-139.721727764012,-1.5395687213420934,-2.445116496279132,2.358029154898467,-8.86148609333095,-0.04391861235584134,-0.06965727689656201,0.0056899282874340665,-0.0031293098336190816,-0.0004537564469683901,0.0004828675866808644,-0.004548785776682165,330.8497890908464
183,-139.03882882717383,-4.972496663156156,-2.4592566701793466,1.784627066620092,-9.291493123827257,0.03490513317743919,-0.0680766458256918,0.006205848403290851,-0.0027574909744802613,-0.00048749074357405995,0.0004124331926393477,-0.004601519092895908,72.51410244021393
184,-138.0861963569317,-9.943396269537653,-2.562976281341787,1.9244849079856028,-9.726262884936586,-0.20443829887011375,-0.06762457013173215,0.006022107395363878,-0.0020273961603340706,-0.00033678902749556826,0.0004912877682158585,-0.004635761315007195,65.01063133036047
185,-137.27443062155825,-14.068823250986117,-2.6355893747588457,1.966891674425775,-10.12076053599393,-0.18547505990352692,-0.06790462732284513,0.006011930155402778,-0.0018222035013360442,-0.000392087072230271,0.00047620448548828346,-0.004626359363487084,115.78764497103442
186,-136.85654153229297,-16.209958617564173,-2.6767882873388014,2.0415829625297115,-10.276174119994021,-0.19236201776902453,-0.06802979316732988,0.006037440325180032,-0.0018666809587553341,-0.00037461306968457174,0.000490878173685087,-0.004612525063002048,54.37678245493179
187,-136.4303929374844,-18.360896459404334,-2.7052264360720337,2.106912964822045,-10.402707413438732,-0.1325048050482806,-0.06805001996169317,0.005898491148728623,-0.0022403263869836248,-0.00035264066138364944,0.00047667724380098103,-0.004585942927311736,92.82370193305398
188,-135.9873706686061,-20.565577859277063,-2.729908232227667,2.104202609279061,-10.507777625073182,-0.10329327545003056,-0.06794723827908583,0.00600988457794995,-0.0021209443815788345,-0.0003646819894574246,0.0004638027154035952,-0.0045552140946246876,60.4854209819647
189,-135.52535163366596,-22.852583274952565,-2.7666151526359664,2.0540472646528607,-10.598914717647489,-0.11888974572515912,-0.06846461132479074,0.006587928972318695,-0.0019271330883709526,-0.0003673105171339602,0.00046310362938502644,-0.004539607008857085,77.29976403878084
190,-134.48229262467382,-28.34047481788915,-2.845178774482643,1.9732116692409716,-10.548523590203345,-0.17400261843224377,-0.06890256792258406,0.00677352235357341,-0.001765933574506216,-0.00037220085228852545,0.0005013345942238825,-0.004496364553846959,151.56544840497602
191,-134.1048859793983,-30.47118344762643,-2.8643269998817082,1.9300079021183143,-10.489044113106837,-0.11050334288637602,-0.06857580819201828,0.006864099194767562,-0.0019526402952722622,-0.0003764485108679309,0.00048767675901346393,-0.00448482718264828,27.22849826714878
192,-133.71762828923568,-32.60669295415364,-2.874137121980993,1.8926292437739505,-10.435117951971137,-0.08959730988828751,-0.06839062165929193,0.006875402176819995,-0.002263983776242683,-0.00037572297332763463,0.0004821670599709847,-0.0044510946117357775,36.31575908866066
193,-133.33628637247597,-34.759665855450315,-2.8850210371104943,1.8221067110192717,-10.384709581981577,-0.10363414848516556,-0.06845691550970093,0.006922123056354364,-0.002693019438266584,-0.0003940268737066837,0.0005029362398308792,-0.0044349083727220255,72.61000789700124
194,-132.4010332746634,-40.21335364945991,-2.963247893549283,1.628934567984853,-10.314557010578817,-0.15157909306058512,-0.06901787725590726,0.006943993454773404,-0.0018322626342032466,-0.00048756811057501726,0.0005068842376744436,-0.004412636148037479,91.69660060075888
195,-131.6010268516473,-45.662249452070014,-3.014096977757141,1.4568203365670243,-10.24992592408089,-0.0951149021279027,-0.06946008418269789,0.007337766695159932,-0.002899206159134,-0.0004632728243036305,0.000519206447157842,-0.0044017943789976715,138.2469913366412
196,-130.83024057991022,-51.20374142067126,-3.0496941397142883,1.4207351533623573,-10.200140290568363,0.011757346774935465,-0.07025914029656977,0.007384749179021227,-0.0034101615557125186,-0.0004937652651489098,0.00048717757268956427,-0.004403563580002484,324.00767002309516
197,-130.10298983329935,-56.29696193448891,-3.0753436926762734,1.4627497647515777,-9.981584056221836,-0.08509049088880677,-0.06987264393783454,0.006905971670280719,-0.002488449962934004,-0.00045882362280323137,0.0004906367926898283,-0.004377658094508654,177.4902966253723
198,-129.89927809449352,-57.96090172477827,-3.0573145364625383,1.4685220003126416,-9.796167395328318,-0.08271332694908441,-0.06894246490331302,0.006471966158214412,-0.0021662842419164817,-0.0004496614544524367,0.0004972634581296701,-0.004381872891445215,167.0403440830668
199,-129.17607348387844,-62.5787633339772,-3.0015830196333027,1.6094410445988787,-9.439550720746004,0.03491751826528907,-0.06831515642115633,0.005716832815878361,-0.00317533487575402,-0.00043104307981452867,0.00047097600667808296,-0.004322992314616671,184.79090435368252
200,-128.55873513804474,-66.48726190049223,-2.9048840369030544,1.471983997690559,-8.65136472748506,-0.0013035577067574862,-0.06680793292484717,0.004910177678919909,-0.0032881905137786896,-0.0004380073060182077,0.00046933544767793924,-0.004250467163231004,122.92372653419416
201,-128.1611959031404,-69.80081584043806,-2.803000134892877,0.9554990086687734,-7.497302630427286,0.02317341831839772,-0.06499283081942628,0.0045173230919337655,-0.0034770080422835115,-0.00045732069526743433,0.00045964652913155647,-0.004178908794957586,185.60979718575612
202,-128.23660981291405,-71.5252047413031,-2.609542049406126,0.46059462424359626,-5.864659368453648,0.029919636582683297,-0.0620698504006295,0.003820096280352683,-0.004293811671768602,-0.0003810741710839093,0.00045495137642898167,-0.004144493178049759,197.71563946985475
203,-128.21422077393564,-73.20493828609652,-2.5641190081629763,0.29505805143813035,-4.327041163389142,-0.013674366077706002,-0.06072458437753109,0.003151554599168256,-0.0037173635981485142,-0.00035782699121321003,0.00043397715504213787,-0.0041074062181513365,111.54218402384319
204,-128.35432992636993,-73.39983129174638,-2.5052714748632905,0.17758705347873685,-3.267277900012751,-0.01696087975835292,-0.05961464376750638,0.0026365412078320455,-0.003915004754923173,-0.0003856153752203946,0.00044275499968209325,-0.004115849800340171,129.86182374611136
205,-128.21303566671224,-74.36801436277291,-2.5476076079852716,0.11703368527730268,-2.694497723582501,-0.04204703137502658,-0.06003514879823316,0.002875028312822535,-0.003948006259663962,-0.00047915826096201045,0.0005393663546258028,-0.004142857992011028,2.893158688461943
206,-128.22793020225265,-74.75390767290548,-2.5467581000361617,0.06698204237908026,-2.008444657446917,-0.053764146975143756,-0.059808135110724525,0.0028274846631506922,-0.004078676875665417,-0.0005045752695191582,0.0006180719741867186,-0.004220878587861177,2.722516044593174
207,-127.5485844907908,-78.08547675957627,-2.71664550657918,0.1838778246226755,-1.5724550704825233,-0.00912868155717074,-0.06246270257653587,0.0032767692111544972,-0.004706927629600989,-0.0002872422042997658,0.0005150016339018139,-0.004097934804152687,54.936327944680635
208,-127.93949478015348,-77.32232576495333,-2.695140274322148,0.09618388430639999,-1.2001814277725986,-0.004134010093129222,-0.06376516990215722,0.0017827846291295162,-0.00424839644224917,-0.00032339104600282413,0.0003793444754176796,-0.004061446325406879,10.800794003557638
209,-128.10906867180563,-77.03910288092638,-2.655499996094755,0.06792168914749433,-0.8138400008832547,0.016679567853199784,-0.06387768377095562,0.0010358231969516004,-0.004085275997019403,-0.0003505798641173765,0.00033104719154224306,-0.004068559448147629,1.6582766171343923
210,-128.11958495694694,-77.23435578215734,-2.6341730257895093,-0.019614186050822893,-0.19714418473607329,0.018066171911225407,-0.06414374082934259,0.0008980467847754866,-0.004254533560287405,-0.00035414204943263333,0.0003133153024867535,-0.00401931591919001,1.910808528678305
211,-128.0529714688958,-77.29965107052271,-2.6498851159409833,-0.011954993381403739,0.024300414056594416,0.006827633006435418,-0.06488485915045249,0.0007523853475507553,-0.0036153497627848833,-0.00036611552795687795,0.00028596959950649535,-0.003925010374795107,3.265150956081978
212,-128.05866226222318,-77.30660971189357,-2.64570823896914,-0.027895691804724326,-0.01689479551315899,0.00816604048958931,-0.06482494948311425,0.000738257616702453,-0.003644513576616906,-0.0003583352287296008,0.0002754822786639585,-0.0039033409410199793,2.0012531616456855
213,-128.05976740491337,-77.31568687103005,-2.649321964402317,-0.005122823408953765,-0.0009652786882183399,0.0014402772330378627,-0.06481764509236215,0.0006446378148529617,-0.0035519073155226063,-0.00034809213106197235,0.00028216267195996665,-0.0038766402145188395,0.9885276787152468
214,-128.0657894891193,-77.3185998838278,-2.651632383769173,-0.00436556912359741,-0.002526333070163209,8.046075144446381e-05,-0.06483143305487143,0.0006043872901855764,-0.0035263163612502765,-0.00034268289921895973,0.00028178720505512043,-0.0038524719649618497,0.4003210162397602
215,-128.07355743066967,-77.34193210883119,-2.656792294500746,-0.004413599289613702,-0.0022944640809497326,-8.536347256803286e-05,-0.06487053789253529,0.0005780767964383534,-0.0035214991889016027,-0.0003350230051425932,0.0002857452425805147,-0.0038368841211416315,0.5374314290486576
216,-128.0850863513074,-77.32675075601865,-2.6585255035059023,-0.0041252330160170166,-0.0014549523662485096,0.0003123296086166112,-0.06488222333589036,0.000531434160869011,-0.003500019159949075,-0.00032818767022117356,0.0002853716920262611,-0.0038117303614917833,0.2679083205521007
217,-128.08765528289936,-77.32848067408426,-2.658393807673833,-0.0036543624392020684,-0.00010486758219732835,0.0005598857452327717,-0.06489335827173652,0.0004983015680266824,-0.003502353023284171,-0.00032105848705533756,0.00028376028917990537,-0.0037864419482538524,0.9665049343360722
218,-128.09358316559403,-77.33006569242863,-2.659167888440649,-0.004025135856230148,3.320562461770968e-05,0.00016400785069158041,-0.06489670135705969,0.0004737314559784392,-0.0034804907570804493,-0.0003187618409119826,0.00028330441019534537,-0.0037626381274738848,0.18805156342733984
219,-128.0989639074325,-77.33236530308118,-2.658745398037978,-0.0033211221984373977,-0.0019641730017482253,0.0006387552454197768,-0.06490752726561026,0.0004480840636718761,-0.003473761057073279,-0.0003128233479266469,0.00028250406394003723,-0.0037385042533640434,0.21150941373674081
220,-128.10349066699638,-77.33483635442722,-2.6595256459574914,-0.003203840862212433,-0.001490097730677097,0.000154613639324069,-0.06491386735805033,0.00042584872389637556,-0.003455672529145375,-0.0003109827509020087,0.00028089862603241316,-0.003715835715026685,0.1974389704561472
221,-128.10770568375557,-77.33725349092106,-2.660047111639045,-0.0029430531618862103,-0.0017275955567972994,0.00018850353832664045,-0.06492164698511045,0.0004045736306880928,-0.003447144487284845,-0.00030654938877639344,0.00028014129838716396,-0.003692890157233911,0.16482712707300254
222,-128.1086955559441,-77.37071499295635,-2.6598904903913496,-0.0036852840187668943,-0.1734037272997369,0.0072751604280066155,-0.06493342937711524,0.00040196256062105187,-0.0034711378031785285,-0.00030626057786913756,0.0002746848813457981,-0.0037125835144582483,0.19682694784153257
223,-128.09791469346226,-77.5162566722492,-2.656161235287644,0.029626745328604064,-0.3473513670839597,0.0070496008175340765,-0.06491413071563117,0.0004058981158819615,-0.003494798935101611,-0.00030129190914474226,0.0002706226695964081,-0.0037473866457817646,0.6831704430054427
224,-128.0646609635144,-77.74502269928945,-2.651561800153431,0.1026916222433214,-0.5982073059552022,-0.015029095166736017,-0.06482322454634662,0.0004146049339599924,-0.003468138162399284,-0.00030298266357354147,0.00027910700204246457,-0.00379803918749869,1.7101442941631657
225,-127.92020565665834,-78.32001623714623,-2.650137745292263,0.3598034584259224,-1.2473868647660045,0.028715126274749786,-0.06457456304294175,0.00036914693799257336,-0.0033834938991938526,-0.0003430912541151434,0.00025058616751714763,-0.003822646056198179,2.5034896694117315
226,-127.79626147252989,-78.66176596577014,-2.653625410095097,0.5354120099563185,-1.4208789647787654,0.015963474077332045,-0.06446164084890721,0.00030323960120333317,-0.0032171471398871835,-0.00035514035331540714,0.0002418173352280107,-0.0038288389601401672,3.4555202406002485
227,-127.6555404888702,-79.029217173597,-2.6606691297678142,0.6540168150378997,-1.5663393379762336,0.0056500099333293636,-0.06435303745228663,0.00024059462548121468,-0.0031198484548394653,-0.0003828546372694154,0.00024749781916348477,-0.00384132542339608,7.882521887996305
228,-127.51059849562502,-79.33746431408653,-2.6564205993991186,0.8436814509536151,-1.6805834532245207,0.014416042558622154,-0.06441450644448891,0.00012267920072123775,-0.0029737583368960293,-0.0003669870195189105,0.00025437022067122795,-0.003889604434185897,5.981171867602639
229,-127.30945454155261,-79.71342071207191,-2.647960735587792,1.0871012601410914,-1.8086248761789254,-0.04428814627146814,-0.064402937336578,6.757423856581507e-05,-0.00295272964324207,-0.0003638549437564433,0.00027272957700392666,-0.003960778736335354,22.621538003659676
230,-127.0403494136378,-80.09995964941804,-2.666035221893217,1.482013311103134,-2.0278634048871065,-0.05366000445888698,-0.0642313413661913,0.0003445030001409486,-0.002932266528117269,-0.0003641564887260049,0.00027362204135372714,-0.0040281943237116796,70.7049372568781
231,-126.70411193340071,-80.42871405184057,-2.675430190437716,1.9759608495594077,-2.283227883126454,-0.07117827609687925,-0.06433706876900326,0.0004791309803850722,-0.002856314899338045,-0.0004150464201143455,0.0002701641354542866,-0.004110807267594549,41.32842460205464
232,-126.26331996415576,-80.68093030286278,-2.691470327230377,2.6535392263682027,-2.3458343864742153,-0.1258405972641438,-0.06491058949247801,0.0006193929596272887,-0.0026920838200219285,-0.00039960405021131077,0.00027424453242389386,-0.00413446635188855,34.54864653566486
233,-125.6706344253776,-81.06852699263396,-2.7188597521036164,3.3204089329482533,-2.3175764412833213,-0.05483897894899355,-0.06523836094075187,0.00047959461776250843,-0.002434866928642174,-0.0004090807427667297,0.0002552401815971908,-0.004155212980391854,90.65924289490239
234,-124.93373124676658,-81.4563067803765,-2.7249567822917613,3.9972039369020687,-2.1389289578448656,-0.03138982418637431,-0.06526953980491823,0.0004374181111424271,-0.002300396712101523,-0.0004131040681091786,0.00023055850543759362,-0.004175489315873575,32.4419745695263
235,-124.09388064677098,-81.75920806193567,-2.7103223398884864,4.582304178214162,-1.8480055056906746,-0.04482188301051559,-0.06552555197002609,0.00025052781628922605,-0.0023589306716529034,-0.00042602674118225693,0.00020750715275969452,-0.004219794609759661,48.93716889641614
236,-123.11743368183745,-81.96821008127554,-2.7103332463881786,5.192860471319942,-1.4054922774647156,-0.08933550654129835,-0.06571687734204959,-0.00012726978249821987,-0.0020746769087326227,-0.00040725009314072425,0.00021612747932016064,-0.004236263142437443,55.3762668247646
237,-122.04096700683074,-82.07016672075913,-2.7293226613084034,5.752237193237765,-0.8710419473775124,-0.16247524576282624,-0.06593622938099977,-0.0006610346631324719,-0.0017596623220333097,-0.00039544181055038295,0.00023348235184845103,-0.00422253974386005,68.01683543986172
238,-120.81938970141665,-82.16249324030726,-2.7660445991811056,6.291984553334265,-0.2655495491703516,-0.22507129107979698,-0.06610757808012427,-0.0014835891623256746,-0.0016797716238620651,-0.0003553718564017834,0.0002629029587829888,-0.00414422761847871,61.98004822051227
239,-119.39847411033098,-82.23656525252689,-2.823507854668049,6.826702851426199,0.20985245482045045,-0.18117145167509746,-0.06535878057696017,-0.000710588403223682,-0.002255423703694771,-0.0003599592344210777,0.0002582287108163456,-0.004045846043469598,113.64385043411498
240,-117.85294067268144,-82.23127215422542,-2.900103990579079,7.3173055929129385,0.5126313054954587,-0.12136191456895865,-0.06421694176201302,0.0008831797665529482,-0.002331702286881661,-0.00037136173903833504,0.0002363637547066277,-0.0039742814739197035,89.19938646084653
241,-116.25800637315396,-82.14166143709433,-2.97880473867563,7.728482344263655,0.747046104208408,-0.08008489453843116,-0.06284317595354921,0.0019508184817771772,-0.002251521879855938,-0.000375667721755163,0.00024279020109175962,-0.003960726741953612,92.02437831926729
242,-114.61752076549628,-81.9977142031302,-3.0590980222721686,8.090556501092816,1.0046658407895237,-0.08288624686761055,-0.06114253355535695,0.0024936885873230712,-0.0020862584395428744,-0.000348773470083584,0.0002519658176902309,-0.003975478079729948,156.15793918735594
243,-112.93491388371434,-81.74484056892526,-3.1018199047412573,8.451640680769593,1.3184429360233438,0.022934834310192328,-0.0600287939297617,0.0031223312667134507,-0.0023195385954340266,-0.0003124973788686901,0.0002331607485337112,-0.003943043826899143,78.58088200425381
244,-108.28963394452694,-80.96344334036709,-3.104885965151702,9.440687991998448,1.659151034833923,0.03948655225182492,-0.05913427544989623,0.002335044426236182,-0.0023200177029722626,-0.00034284729046583944,0.0002332733089276639,-0.003857559261470181,115.26518978536008
245,-106.27667984674898,-80.6320456046302,-3.146817727888244,9.78668920690373,1.772198899996215,0.018610671353160076,-0.05801160803619814,0.002822545159004227,-0.0020057320850336443,-0.00033484084266260564,0.0002407718744562938,-0.0038488855906188097,154.87618168795316
246,-104.20956992958722,-80.25322601109971,-3.1989976969677794,10.07483637350008,1.8899995608855378,0.02697999313822666,-0.05694731931944482,0.0044387167701134,-0.0017913730774981851,-0.0003164566474814505,0.00024414222473222126,-0.0038435944444538826,153.47865975365966
247,-102.13056080067858,-79.84693735818384,-3.231605121760285,10.33190185771893,2.014321204505117,0.04739672839316144,-0.05559576848467112,0.0051771148102952805,-0.0018518829186577154,-0.0003203819642258813,0.0002206164969689808,-0.003836335364696963,64.87245217682838
248,-99.93474689534021,-79.41390134678552,-3.269690834767284,10.618577600536485,2.1734201801542774,-0.04600652389527004,-0.054908221260931214,0.006497630521569098,-0.001707564376052254,-0.0003040047711825029,0.00025008717703471823,-0.0038092564915739304,55.391804094953635
249,-97.69690514345464,-78.95448872685462,-3.3286945554992777,10.861474917442788,2.2395947772238087,-0.03811449847592274,-0.053879704385388395,0.007493875515151908,-0.00164076819473281,-0.0002762514268197679,0.00025401638833088815,-0.00377649088436824,118.30277878970814
250,-95.46101771792281,-78.49460921305858,-3.376986243417512,10.90118769915781,2.2028417365807385,0.016003217865760106,-0.05250160234941156,0.00800649509322452,-0.001575509170402077,-0.0002638712706169922,0.0002480627994380097,-0.003763357174715928,81.41288500935144
251,-93.31600399295337,-78.01753170732853,-3.4470327147636923,10.784792831390568,2.1628234252101595,0.012968995592192105,-0.04992383884081702,0.008835181942467614,-0.001552192230393994,-0.00023440148481403147,0.0002583799433932574,-0.0037512941426002693,150.42465373042694
252,-87.47167313199475,-76.95345269835286,-3.4606746550893686,10.806201839153308,2.1323298052736597,0.07347692106312664,-0.050470099904504996,0.011376807260378853,-0.0022440436889935816,-0.0002135680745066957,0.00024667409820508697,-0.0037332624759081365,91.96444338830857
253,-81.71499657977743,-75.85664947033345,-3.4711903832252697,10.736925593622436,2.1065334760306937,0.03857551198441871,-0.051355726996042614,0.013147141149454308,-0.0019025830642733243,-0.00021229762470863334,0.0002490850726430596,-0.0037067106418215722,48.68152440201372
254,-79.37210289573615,-75.42170475042845,-3.5055743132315316,10.721396048931584,2.085898269763698,-0.03069887366356421,-0.05165758390508168,0.014590960952156508,-0.0016013088862001713,-0.00020871567933721956,0.0002547784787654628,-0.003694911311629056,86.93021926359555
255,-77.17492988163404,-74.99290221768142,-3.541599482609384,10.639360888537857,2.056415843660252,-0.08180914696052788,-0.05096623086651578,0.014943043231583521,-0.0014572445956351847,-0.00021648086067394147,0.0002791563728101035,-0.0036897185499888668,236.08147416009476
256,-74.8500123378849,-74.58175991318952,-3.578079073446777,10.633242125359022,2.0254879685070932,-0.027832873508191223,-0.05114174055334022,0.016358798252722892,-0.0017699770357355398,-0.00022390775820108552,0.00027091277041077483,-0.003679681272305632,90.2328620220613
257,-69.34242913112146,-73.56409252905992,-3.6334918465825896,10.48276380781056,1.9779712647887546,-0.02509340503666007,-0.05058450686542714,0.017138419804845987,-0.0016240273711118538,-0.0002318268027777205,0.0002717683647158801,-0.0036650062338852377,50.97774781364285
258,-67.15060046241183,-73.17758678393236,-3.6714162178219554,10.414451891655759,2.009869537734187,-0.03941957457363813,-0.050137208565444694,0.017780480410389633,-0.0014081138833205757,-0.00021043004460706094,0.0002721690565448375,-0.0036712807102927876,46.685852086201166
259,-64.99797449995661,-72.7441430224983,-3.6727596673969884,10.319221130392359,2.1208335438770543,-0.052705188424858364,-0.05013824726224251,0.017709391531293174,-0.0016279368199034997,-0.00019481501152482727,0.00028607133694324863,-0.003659623175349492,85.594340230657
260,-62.72143659118575,-72.30746154082195,-3.688659827820499,10.298227042122601,2.157203744232544,-0.0244928984611685,-0.05058924208613072,0.018702361284890993,-0.0019754860933225587,-0.00021613435420897345,0.0002698379760137324,-0.003655513684520603,156.73824965693825
261,-59.435038421153486,-71.63034442208354,-3.7130071282087354,10.233808757893836,2.2051908336880968,-0.019520017702703882,-0.05063853376887864,0.019609227406518992,-0.002158112675657056,-0.00023935211922883858,0.0002605533006134943,-0.0036401246335365715,137.01775843445955
262,-57.224360611770045,-71.16193644459732,-3.742426963355294,10.209042006929224,2.231855218045583,-0.046300897323095586,-0.050777322308158276,0.020490527461269642,-0.002027552489232947,-0.00022672804572184627,0.0002624814630679332,-0.0036235830043224956,95.81175267756443
263,-52.987196075882224,-70.19921902705829,-3.7651906930684973,10.129663853482983,2.275119529989938,-0.07539049656565985,-0.051482373949139466,0.020297446004223337,-0.0016581626361239455,-0.00023436494408784916,0.00026071994706600496,-0.003551599913206155,123.46782207714898
264,-50.916725562524725,-69.7508732729102,-3.8069194310658157,10.102678776428638,2.1670428911403414,-0.07452919511941646,-0.05064678605388975,0.021072228292659277,-0.0018190489855313783,-0.00022903077997650818,0.00027158290464630245,-0.0035110801956847702,148.2703236383759
265,-45.446027592826916,-68.67966518182472,-3.9170640364575813,10.130676621041257,2.025444967800681,-0.1015639241134634,-0.050444120070763855,0.023529004967815088,-0.0018636257168826251,-0.00020418024383142013,0.00027351249920181043,-0.00345017581194784,220.41681927252782
266,-43.25083693406653,-68.23997118019132,-3.9510985993024454,10.141130395561355,1.989726371139671,-0.10512440315100342,-0.050798661406508294,0.024060910180379484,-0.0018821342649239636,-0.00021886890106825107,0.0002901985035520401,-0.003417693181846992,89.36694300689985
267,-39.85077754707113,-67.63351633883508,-4.00847494378925,10.199276604436461,1.9100756302843493,-0.016705812111258746,-0.051494205668269136,0.025577866895974573,-0.0021658194701045124,-0.00022354394371157176,0.0002851411516294307,-0.003389929864174653,90.00049946007533
268,-34.48401823180577,-66.67183051216061,-4.037959353745841,10.154412006768585,1.913107416133861,-0.062334699957316705,-0.051273224449982516,0.026414377141155947,-0.0023585616344738588,-0.00018838529742537505,0.00025838354565964556,-0.0033665104655855333,3437.05270498637
269,-32.21831246491117,-66.28318718339665,-4.078817072821475,10.183920345940347,1.9078421497361928,-0.07758964348090468,-0.051677097210027556,0.0271567782078802,-0.002368220120563576,-0.00021901298373164623,0.0002612130982340621,-0.0033795726100883964,54.57913772716054
270,-29.649190736253345,-65.8619139427629,-4.137707995972806,10.282669832238295,1.9102200891979924,-0.08104311747720247,-0.053204293184905306,0.02852899482466498,-0.002350502086042546,-0.0002477540291133328,0.0002718016623336198,-0.0033893183014629836,85.43117216906626
271,-27.09422609304994,-65.43437192110957,-4.186254109645485,10.40576105708785,1.8956852691997401,-0.03614356642123979,-0.05431045955708556,0.02999657108776139,-0.0024528595135823875,-0.00029104976781222416,0.0002190490576515881,-0.0033995230312128476,156.09089498627353
272,-24.520466171083317,-64.9883608365376,-4.238727252509661,10.482704675818857,1.9284949630457258,-0.14408014088662638,-0.05566346958575593,0.031107441237898308,-0.0021550281694502267,-0.00030357361642397986,0.00024942707366899396,-0.0034128097238106856,42.45450542207438
273,-21.856759008353304,-64.51411762866503,-4.332374747032946,10.559308495553203,1.9919989486853327,-0.19665921564055447,-0.0571997719528942,0.03244506332306789,-0.0018368847090292114,-0.0002788081858856646,0.00028104816062389374,-0.0034081161715318886,47.52335625430924
274,-15.101043756734024,-63.30743296222523,-4.526985746315006,10.737977253752897,1.9632063859598394,-0.10680411454509173,-0.060022286001969176,0.035980831877503464,-0.0018516343007752701,-0.0003050862581813947,0.0002914318723724808,-0.0033862566383795847,132.01168686032258
275,-8.900002308300502,-62.075858833611356,-4.66227197197225,10.88357290740764,1.9710156862126358,-0.13172385089087843,-0.06274200838799665,0.03954897714256106,-0.001925390560755456,-0.0003376094901766393,0.00026197689898835845,-0.0033868593376161034,169.5308992030804
276,-3.8802924240123082,-61.14887257381676,-4.756245896101492,10.884201040113329,1.950414730385374,-0.11578730873466131,-0.063645590020951,0.04042181879734676,-0.0020930791355106104,-0.00033809023885755855,0.0002376325214787133,-0.003361484720307169,109.482913919416
277,1.745446313547392,-60.37209005933767,-4.889443670580912,10.574177110768964,1.603507786830446,-0.13115383316148754,-0.06198940729116368,0.04183733403394615,-0.0021427551986583394,-0.00029264023746382534,0.00023738851663743295,-0.0033567413275915076,339.94230624888274
278,7.416829107699622,-59.42884816087469,-5.035634166513324,9.765157494875544,1.4181399511616635,-0.2049618602505494,-0.063022602436199,0.04255958903139448,-0.0014808205965273452,-0.0003335997790913642,0.00024123698213931465,-0.003378135676100075,267.8058203609916
279,11.68355741726283,-58.53057702833213,-5.100322040470903,8.7371173678966,1.5506111000389728,-0.18825088757534628,-0.06292488742854935,0.04237606720817514,-0.0014017977635265954,-0.0002981849310181798,0.00024255267769759275,-0.0033830279360847824,7722.947750083643
280,11.474726650874082,-58.256037429736246,-4.834052793040194,6.849474427409614,1.6153697035837886,-0.1278492025329948,-0.05658679199116631,0.03644231876117268,-0.0011107519384046857,-0.0003457305759907441,0.00025728255870641306,-0.0034539640098133,265.1296684894766
281,17.862012207546492,-57.64872935561313,-5.052783762058258,6.527803650717907,1.819052605372883,-0.159037098718681,-0.059277113723462206,0.03608580675166897,-0.0016842982582903334,-0.00027442409776767276,0.00032240657594579823,-0.003466162608491017,219.58439304527008
282,13.979460458541887,-57.292002263816386,-4.695960435924462,5.835478754046081,2.0099400103255096,-0.09387978845785513,-0.05658619804437039,0.03388422064592891,-0.0021778492264955145,-0.0003553708045813624,0.00029765957171828353,-0.003525557410660589,196.0173939741314
283,15.317131587760986,-57.35880935588472,-4.679404391361309,5.400292706815932,2.0691039432433715,-0.04242644839413381,-0.05318868159866079,0.03185150781218413,-0.002722176449481563,-0.00032936796906059534,0.0002972778272648804,-0.00349746612078796,143.48213692600928
284,16.153186792696438,-56.86803949637173,-4.660009975333629,5.104732979830748,2.2636808140036337,-0.035945362782203893,-0.05350496041930977,0.03164780690325281,-0.003020239610841153,-0.0003323374904360171,0.0002988635595539171,-0.0035372257946118444,157.06086549527373
285,17.125546208410015,-56.401370050830046,-4.653126125251697,4.818894220310488,2.428713664989098,-0.043198089068657734,-0.05324769990973667,0.031485382003898,-0.003129097391560422,-0.00035372674895341606,0.0003120043220086491,-0.00360052853361425,170.43939923282943
286,18.02728048808891,-55.9025874311974,-4.653098418681738,4.531118255088204,2.6325560192670916,0.0012400102287202638,-0.052546767837958225,0.03102642974592245,-0.0029944775261817017,-0.00040793772274161914,0.00028646847508521944,-0.003685229062259898,248.10344388083232
287,18.665171616194385,-55.35005549914509,-4.595962578415099,4.110236652295732,2.9891055632136547,0.024144962460810757,-0.0532389110965058,0.030473055886336545,-0.002840405187693724,-0.0003786082170127457,0.00029524099856076034,-0.0037814326516710456,331.558007296197
288,19.429821840230776,-54.70660421783696,-4.586785687006816,3.685001566510325,3.2884969172032217,-0.058795122226809084,-0.053209583527563414,0.029873013911699466,-0.0024618328711120937,-0.00039432841154108967,0.00033767485279657196,-0.0038481280366289227,262.38037686177574
289,20.40283350654928,-54.01922953387264,-4.7028448365517335,3.3596248344937827,3.4307312450566934,-0.1527737772240535,-0.05200970703230632,0.029771800674795526,-0.0009584032411477312,-0.0004547266451060091,0.00034472257863192015,-0.003921764991312635,361.0929468825526
290,20.981752572545393,-53.339723844007736,-4.769573168706852,2.803425043504918,3.622821824116634,-0.1844151273270459,-0.050476006726395836,0.02858248145070673,-7.358774118441718e-05,-0.00046506979569688965,0.0003541458269772744,-0.0040126669212522,334.73131635235404
291,20.468498086773362,-52.71898947698224,-4.600346763442146,2.269822393183939,3.8478767045963815,-0.27991411760776275,-0.05198623095401738,0.02443417942428563,0.0011398739647942295,-0.00038625152996823824,0.00042469658292693146,-0.004058351534365561,281.6316761964597
292,20.76854668811025,-51.77876028955536,-4.253525446891119,1.6000002355974015,4.2485328664394295,-0.30819447971892955,-0.058268699130039896,0.016815605326122533,0.0015290237954940229,-0.00033114704485292997,0.0006184553205595355,-0.004048139031812907,282.0401221647942
293,20.94975726733771,-50.80673512015151,-4.256792723405329,1.0737794087505013,4.503308791910619,-0.3375174482143678,-0.05933782392386711,0.017171059833613656,0.00022394714021110396,-0.00023920971068516213,0.000689617319371372,-0.004023447418929509,288.08008171360075
294,20.872886673784105,-49.75736596124419,-4.113869065126176,0.645840667864906,4.8015201613245955,-0.26043988828654174,-0.06236642743295638,0.01686589176642605,-0.0017880725875493914,-0.00018826206929908895,0.0007126004333017154,-0.003922903097008819,265.5149647177908
295,20.820152888596347,-48.87599528205103,-4.119331567243595,0.1882508665051933,4.948236534972219,-0.19474858751255208,-0.061118897597062065,0.017446633733366364,-0.003207930711161833,-0.00016986040209336897,0.0006487495401890673,-0.003858451515676111,168.02090183063657
296,21.064044815950652,-47.73238581773445,-4.138900412332223,-0.07683362502924797,5.203136838975108,-0.10357458664490315,-0.062197391765320575,0.019927125550110256,-0.003843885510618462,-0.00019462249339148515,0.0006047430526530228,-0.003808451353540238,126.68042738203397
297,21.00883435019385,-46.52772430334716,-4.253176805901658,-0.2502873811301227,5.507100618662195,-0.09274786908212698,-0.06276879371554486,0.025761636167390932,-0.004088604299222538,-0.00019088917963449938,0.0005661661066720354,-0.0037555507308880873,146.91799086895935
298,20.7632904637483,-43.40398045727971,-4.3737837498114995,-0.7402280536242791,6.356529948054803,-0.1340908363630333,-0.0648894551389463,0.03178048938627049,-0.004539493864545839,-0.00012959497210634905,0.0005473223996931698,-0.0036936473264804434,156.28971005417364
299,20.103757147626705,-39.86215838180469,-4.347282299102346,-1.371457932499001,7.26111148594817,-0.15191384993638407,-0.06638842267557696,0.03128894479900894,-0.004612436857297008,-0.00010989742001255803,0.0005428187402357034,-0.0036310543810930593,74.6296581629806
300,19.595238776634023,-35.57550219700827,-4.367024787273692,-1.6541290741661274,8.222315897963462,-0.1374908422022813,-0.06813813839031871,0.031189084718193396,-0.004362136782096982,-0.0001359160761618167,0.00048609576653178165,-0.003591333468552021,53.5754265562852
301,18.836260881792427,-31.011594400598984,-4.528624010627634,-1.8158318106812241,8.504675857877848,-0.21672347853097032,-0.06765256859685911,0.03144793075283576,-0.0038987950665730965,-0.00011591234644582932,0.0004955044708852108,-0.0035816429826837056,88.42226589325585
302,17.939075280379473,-26.624426751609278,-4.668572219560609,-2.0125462720439393,8.507155062364818,-0.23412607974457258,-0.06671403118998288,0.030777847992017215,-0.0037953521874978416,-7.689975229697795e-05,0.0005101637686078446,-0.003564182650332998,59.762699239828876
303,16.94077321421064,-22.23189240934396,-4.842455149516768,-2.0676780090953106,8.530360627047846,-0.2501862056063179,-0.06594380686933023,0.03099186984746564,-0.0033705747188340243,-9.423992105428065e-05,0.0005187056378653984,-0.0035373454202135652,141.55567057734305
304,15.955159376666263,-18.090562187886253,-5.058929509403402,-1.9985592340690195,8.321030435778589,-0.2724275098899548,-0.06284456030929352,0.03111074983835302,-0.0032452361662251832,-7.991458344979326e-05,0.000535638043291793,-0.003528310678091561,154.23014525507207
305,14.93785336802166,-14.270897016579925,-5.254132176196309,-1.809270576447207,7.876737216913537,-0.19127288566550918,-0.05930289554739684,0.031561040365193034,-0.003747527061791786,-6.519319712500013e-05,0.0005352275811044959,-0.003507733455358805,106.86449570618927
306,13.97026956204236,-10.733532847224403,-5.409224447760722,-1.7062273861563673,7.259135586713685,-0.2298879792340801,-0.05656629856219434,0.031918563989265444,-0.0038334516208484147,-6.545734155523304e-05,0.0005657013436373161,-0.0034893944375312506,131.43356635959123
307,13.147930786425238,-7.265264564769068,-5.583690095621782,-1.5481170771178916,6.955384530427606,-0.14843575845560888,-0.05379755735063621,0.03352027415190664,-0.0037886140723587384,-6.429509150714104e-05,0.0005645261350662126,-0.0034778746359589033,81.34881154328329
308,12.326930245601128,-3.68601631796809,-5.657838416915037,-1.5664838409951647,6.8314724010850645,-0.06572886321204746,-0.053022773575583854,0.034693601306771946,-0.004446775299360871,-6.74043809665892e-05,0.0005590835730701876,-0.003463805125624678,140.31005640430766
309,11.564937767627328,-0.27401340972693417,-5.796087118098607,-1.5381417277765081,6.665632492988132,-0.08531025068258703,-0.05117801542739563,0.036066835714594646,-0.00425109936286762,-3.696220002851864e-05,0.0005721827755083703,-0.0034489122163888133,284.1362495503167
310,10.744655260146207,3.087891838749787,-5.878752821436201,-1.5924916135579852,6.488284358207501,-0.0575467092993585,-0.050028866324133434,0.03707123607383218,-0.004599511447153916,-1.0490066184312614e-05,0.0005671561817805735,-0.0034194295106854244,276.42150878665683
311,9.914456791366073,6.314937659318897,-5.98186915219518,-1.5207794299716821,6.082695076449993,-0.07997678505613388,-0.048430458006838206,0.03825794450649764,-0.004624720519944298,5.887316220603159e-06,0.0005720994703401989,-0.0033737835572108894,333.68862058472337
312,9.145528905202005,8.854518615381112,-6.093787942274615,-1.2888857438146177,5.446490634866956,-0.07334191819033514,-0.04552403700890815,0.03939583307096771,-0.004607011263517156,5.004308420567319e-06,0.0005877605397445418,-0.0033467293314642234,406.3868662993748
313,8.454487623352168,10.918741417956486,-6.146885372295638,-1.1058405127510196,4.691585679069853,-0.04276181566040073,-0.043064553464228224,0.039667978310224304,-0.004713565620906885,3.846568061076638e-06,0.0005891308777392501,-0.003318498566134843,501.49764116817977
314,7.921381497365846,12.152804021169413,-6.184143623526173,-0.7854138016377722,3.5110410740490368,-0.03256131718905994,-0.03944839113376263,0.039873541242371274,-0.005114010941907353,7.752005081763298e-06,0.0005956006371224978,-0.003300730991606465,412.3321866112281
315,7.475895932758457,13.500724362668981,-6.222384388238631,-0.6322977214000204,2.838043573747071,-0.04572232216006205,-0.03789715249833832,0.040325411825950716,-0.005191108196016777,3.2529114655983367e-07,0.0006023504951810653,-0.0032878838670569554,440.4402975961854
316,7.069425900908628,15.114733490224749,-6.245651848811276,-0.6387285135561164,2.783736855108872,0.003175033664848656,-0.037897979386272505,0.04063488721355477,-0.005468019803991487,-1.6772307596792416e-05,0.0005830906078936904,-0.003275299328867321,482.0745621322199
317,6.694285975776149,16.591927526695656,-6.249166017088564,-0.6257332658870473,2.68207786480767,-0.028595582763111006,-0.03760614323274826,0.04018012669274476,-0.0051221985957897904,-4.345143463427599e-05,0.0005756500780130203,-0.0032865828100603917,558.683949595175
318,6.26447194414671,18.080106826872463,-6.22655126898774,-0.7721152867557988,2.6037122751616217,-0.04367098397662937,-0.038132210508447104,0.03919377658359804,-0.005056186429342131,-2.9125988895683022e-05,0.0005592389102653322,-0.0032993762251458465,867.9722933585698
319,5.746911980085973,19.536521842988257,-6.240017200703112,-0.8629620588990242,2.560366654204854,-0.12575968888875314,-0.038692794326558644,0.03786193741410506,-0.003964169741690705,-9.844197558620625e-05,0.0005566244599569188,-0.0032559955678884826,1010.2032158818728
320,5.2960556996980515,20.7441684440668,-6.249836797109001,-0.7638576354325561,2.4658158923376217,-0.057184320158260346,-0.03806989821148961,0.03703293890253028,-0.004585831527027948,-0.00014002986662093982,0.0005480122547521041,-0.0032076994468256317,4476.3821401153555
321,4.932350499616353,21.932257994228028,-6.253112579165753,-0.655764461022068,2.3772196643145453,-0.04557071305990386,-0.037294434898703224,0.03648092177969307,-0.004734316262264356,-0.00014124121041744918,0.0005490621841387761,-0.0031825993435883196,823.3895860124807
322,4.603697474983094,23.317676703215394,-6.257893378329311,-0.6372805289037977,2.8196627899750206,0.002984960758983822,-0.03752324170042785,0.036848002968696406,-0.005439204582063612,-0.00017307034803034583,0.00054073567956419,-0.0031742305293651057,950.0051040034818
323,4.246475564684101,24.884346374674152,-6.215947794883386,-0.7372162393114601,3.436275397767828,0.009173670620592045,-0.0387052925831699,0.03658104610395494,-0.0052870053312550494,-0.000201957534917938,0.0005017418389494715,-0.0031505553486906477,774.2689536785922
324,3.856219200737965,26.645502188370678,-6.2110468806617085,-0.7962942072043107,3.9068794773806146,-0.03571866841582097,-0.03921103823662767,0.03631421667988759,-0.004851113165475445,-0.00021325597663959318,0.0004932826895220943,-0.003121547702621792,678.426809268527
325,3.4416432921758844,28.693706330239728,-6.251039757822276,-0.9102489452163832,4.432633946985928,-0.07965282179330133,-0.039508563775886775,0.03655156440862047,-0.00475406738578224,-0.00017963189304367991,0.00047919037296569907,-0.0030809028665689307,469.94414234263803
326,3.052475902783699,30.911680340315467,-6.259431702008211,-0.7993830686861321,4.289214322119713,-0.04565716463781122,-0.03924302931119376,0.036132147395742706,-0.004610805990452564,-0.00019530263803501144,0.0005054510963778097,-0.00316086051523828,514.353911362411
327,2.570085664223646,32.67085608277295,-6.244645680039048,-1.1547684084065486,3.9127691321649505,0.07319613847959734,-0.03881188300135073,0.035426313239675225,-0.004544948663949158,-0.00023810104941317974,0.00045886286360345024,-0.003255789461599188,729.850631658157
328,2.4483766440533103,32.82701523439314,-6.218927265584337,-1.3366625056383072,3.655056616651755,-0.007554782184741213,-0.03769803836019128,0.035602466595652624,-0.004436389324377739,-0.00026251139561922206,0.0005157958278875798,-0.003289451064224053,669.6075971669508
329,2.207046354296256,33.597749068846774,-6.260899269265032,-1.4301492811648382,3.550425448305763,-0.031199699626629072,-0.03702640223930232,0.035765687609647816,-0.004444954464023674,-0.0003097482280725636,0.0005234611436939843,-0.003282245217549768,573.7978113865738
330,1.3546444259607695,35.53863477246618,-6.325515674252438,-1.7015324535002816,3.4926746276274208,-0.1504253649045893,-0.03737401942187565,0.03642560216235703,-0.003960498055253202,-0.0003248301096649836,0.0005640249626341057,-0.003068780527210953,438.9831456036655
331,0.7120967593695946,36.50841114452101,-6.349353531903909,-0.9248234598924767,2.1024996471098207,-0.0903831453242111,-0.03520550618180916,0.036063155633773686,-0.004380996312333392,-0.0003288392161605903,0.0005499823414741048,-0.0029794179112832566,385.13128325406706
332,0.8914151164282315,33.36146512232594,-6.235022363043487,-0.018422635977716595,0.059696817047311335,-0.03311543914503662,-0.03047896185695332,0.036703257773364195,-0.005752858350059436,-0.0002089166421190779,0.0004910327334070796,-0.002974660335534931,578.0274811826554
333,0.6708474953081716,38.90909707745792,-6.792702502959536,-0.0014836223640527085,-0.013039868926747022,-0.0023565922952852696,-0.026398449915564993,0.03586699414259744,-0.007710004175481063,-6.0095222157257596e-05,0.0005886942784292798,-0.0029418142120156495,2259.079301130869
334,-0.14895410534632614,40.1465787925212,-6.396364132047793,-0.005945366596270266,0.005016785890425705,0.0008557051742936785,-0.03203372370257859,0.03133261258524235,-0.007316641378257826,-8.789797816263131e-05,0.0005873298213892809,-0.00290667674416477,440.27347514289306
335,-0.6500929476300303,41.401366043592084,-6.233181694734175,-0.002995148754899618,0.0012149042769360092,0.0006897015156673071,-0.03327312613224578,0.02740516252801592,-0.008228370325229328,-3.4822624183621523e-05,0.0005969009216496585,-0.0028546201355193904,841.5327460216571
